BUYER_STATE,year,quantity,mme
TX,2006,2803259.0,3995719.199803636
TX,2007,3250099.0,4786967.775344568
TX,2012,4223939.0,5753507.421553649
TX,2011,4439776.0,5812024.609701698
TX,2008,3326741.0,4738954.642854576
TX,2009,3647843.0,5123285.441869864
TX,2010,3913587.0,5456799.936039743
