BUYER_STATE,year,quantity,mme
WA,2006,1432687.0,1999963.9799357103
WA,2007,1581673.0,2233454.907977554
WA,2012,2043427.0,2454681.480543571
WA,2008,1722359.0,2472972.335833122
WA,2010,1974704.0,2537822.7089545866
WA,2011,2050022.0,2514218.4003892513
WA,2009,1786044.0,2484831.680869465
